P,
平,田,`
秋,S,美,帆
李,家,
大,空,v,w
,念,慈
,田,亮,o
渡,x,亮
傅,薇
_,P,
梁,f,智
黄,泽,锋
崔,,f
何,戎
佐,伯,大,地
高,飞
,康
施,,信
石,w,幸,治
伊,藤,哲,哉
花,,望,都
P,翔,大
,b,仁
天,海,佑,希
,楚,I
S,,
白,冰,冰
金,材,昱
唐,孜,悦
白,健,恩
赵,浩,然
,寰,宇
,以,仁
玉,米,提
w,自,
,谷,友,子
朱,德,
神,歌,美,
井,上,芳,雄
古,川,雄,大
梁,,端
潘,嗣,敬
F,笛,真,希
L,,奈,央
何,h,|
岩,永,洋,昭
周,雪,涓
加,藤,良,o
沈,
,伊,庭
岸,香,
,,卿
,雅,
那,津,乃,D
王,皓
阮,,珊
F,D,美,里
,小,玲
李,,威
~,淑,
M,七,,海
~,子,
~,,霖
音,月,桂
,守,正
林,采,欣
n,乃,夕,妃
,L,
舟,,和,利
梁,s,忠
洪,敬,a
R,俊,豪
真,D,佳,子
王,S
,承,v
林,小,
S,雪,文
同,恩
P,月,杏
,嘉,x
立,,遥
芳,本,美,代,子
蔡,,萍
,^,
w,月,h,麻
刘,亮,佐
朝,M,
大,空,佑,飞
文,,
李,剑
v,,博,一
,嘉,耀
黄,嘉,千
R,琪
汤,骏,业
彩,L,D,奈
R,,明
志,尊,淳
河,国,荣
刘,同
商,天,娥
,嘉,
詹,瑞,文
刘,九,彰
g,D,C,音
麻,生,`
周,融
洪,瑞,襄
S,晶,明
Z,悠
白,百,何
R,富,泰
紫,吹,淳
花,,瑞,[
彭,湃
,田,芽,久
沈,震,
S,益,
,夫
w,m,由,妃
~,百,恂
中,村,中
,宏,期
S,呈,欣
胡,,I
金,钟,九
,木,健,介
S,嘉,威
中,村,\,治,郎
蔡,s,祖
伊,藤,健,太,郎
,煦,莉
小,柯
桑,代,F,明
姚,,敏
廖,君,
L,琴
S,婉,萍
陶,,正
伊,万,里,有
真,风,凉,帆
中,河,内,雅,F
狄,
音,羽,椋
X,{,斗
村,井,,夫
,里,D,[
X,,君
真,w,}
稔,幸
李,润,祺
宝,,芽,里
S,士,
高,丞,t
彩,M,翔
高,千,[,舞
|,千,晃
蔡,昀,娟
尾,上,松,也
,卓,妍
x,盈,萱
,家,逵
水,g,~,月
吉,田,,介
丁,伟
吕,寰,宇
姜,,雄
邱,廷,x
,健,豪
罗,北,安
茂,野,,子
,利
,,
,,x
邱,庭,x
,雅,妍
万,斯,敏
,力,生
望,海,风,斗
,本,淳
G,原,和,子
,木,京
伊,,直,加
一,路,真,x
水,美,舞,斗
g,D,凛,音
,曙,曦
潘,壁,
中,V,,平
冈,本,夏,美
中,原,裕,也
韩,炜
,s,S
妃,海,风
何,绅,漳
石,倚,洁
山,本,芳,
山,神,佳,誉
,建,豪
,辰,g
张,子,豪
江,美,琪
刘,明,明
那,S,
京,本,大,我
王,靖,
i,羽,悠
武,田,真,治
陈,f,沁
V,濑,大,介
,,内,美,八
郭,f,|
夏,妃,真,美
,希,}
,武,孝
B,春,香
,,三
,子,凌
U,起,o
阮,,楹
F,水,博,之
温,卓,妍
坂,本,岳,大
黎,,宇
丁,当
_,D,,里
吴,思,贤
王,R,冠
加,藤,c,v
裕,美
城,田,
,加,尾,由,二
大,山,真,志
胡,渭,康
,名,里,沙
陈,志,朋
,N
我,善,
,丹,|
姚,,芝
R,,
天,海,v,希
n,h,P
田,蕊,妮
^,,麟
王,仁,
胡,s,童
胡,迪
|,山,x,久
大,地,真,央
蛋,蛋
馀,子,嫣
李,承,铉
莫,子,x
T,家,俊
桑,A
柚,希,礼,音
桑,野,晃,o
片,山,,加
S,中,濠
,春,江
樊,光,耀
万,茜
天,w,A,音
,嘉,明
王,美,懿
藤,原,v,
曾,g,望
,,
高,皓,正
绫,凰,华
未,来,,希
,登,x
陈,明,
郎,祖,筠
,品,伶
山,吹,,世
王,琢
林,},
一,路,万,x
夕,,真,x
船,,慎,士
彭,秀,慧
,慧,仙
\,羽,麻,璃,央
,,忠
林,勇,o
林,二,汶
周,吉
孙,胜,妍
鞠,村,奈,w
,乃,@,季
O,美,慎
一,色,,加
林,森
A,城,季,帆
石,,,平
山,崎,育,三,郎
S,,中
W,,
彩,辉,直
,永,亮
殷,正,洋
梁,雍,婷
c,口,量,平
,山,泰
何,敏,x
悠,真,
,星,合
徐,均,朔
舞,羽,美,海
花,柳,寿,S
@,一,花
李,明,
,文,美
八,户,亮
高,翰,文
成,松,c,彦
杨,天,经
G,本,玲,奈
高,m,沙,千
S,心,心
廖,,
周,默,涵
K,育,x
Q,美,舞,夕
林,佳,x
向,小,乔
_,P,
,志,A
c,一,花
梁,祖,
谭,维,维
岸,v,二
高,},京
亢,帅,克
郭,志,
田,中,圭
檀,健,次
徐,伟,贤
郭,紫,
张,笑,天
谢,天,华
|,_,晴,子
邱,,峰
青,,泉
王,君,
,耀,子
,,萍
林,,群
蔡,愉,f
林,忆,莲
钟,景,辉
沈,震,轩
辰,,御
凰,稀,要
n,道,光
染,谷,俊,之
,g,千,明
王,悦,甄
真,山,~,
朱,柏,t
濑,奈,纯
小,八
日,向,`
林,d,佑
辛,展,
u,宜,忠
松,本,慎,也
根,本,正,
孙,眉
水,夏,希
汪,用,和
王,,甄
n,道,
郭,o,雯
,文,M
K,雅,
中,川,晃,教
陈,家,逵
丁,小,芹
高,山,猛,久
柯,叔,元
O,自,怡
T,蔚,衡
城,火,,}
黄,渤
,木,C,R
宝,,彩
T,夏,t
S,婕,f
,君,
初,L,v
上,代,,子
何,敏,仪
潘,小,芬
橘,沙,{
吉,野,圭,吾
阮,德,I
翟,P,泰
S,浩,
石,信,之
辛,伟,强
妃,里,梨,江
民,雄
,真,D
,安,
大,平,峻,也
月,影,瞳
真,L,,帆
芹,香,斗,
王,K
雷,思,m
,乃,,花
,敬,
郭,,山
蔡,振,南
胡,R,之
,承,矩
张,学,友
,木,身,来
阿,拉,丁
,野,千,
王,菀,之
李,艺,萱
谭,伟,权
柚,香,光
陈,乃,荣
荻,野,目,c,子
,悠,F
若,@,`
望,海,L,斗
,南,希
R,卓,安
,奕,格
高,A,
彭,羚
陈,洁,仪
佐,藤,流,司
五,峰,,季
张,,丹
,,`
管,罄
原,田,,一
田,长,霖
林,美,秀
大,,
S,k,雯
g,m,祥,太,朗
李,健,
金,燕,玲
苑,@
陈,隽,骞
_,真,由,加
f,以,丞
美,月,,
神,代,\
和,音,美,@
梁,国,栋
,志,朋
北,@,
但,R,久,美
加,古,R,王
椿,火,,花
,士,野,高,X
贾,天,明
河,原,田,巧,也
,音,羽,
市,村,正,H
黄,嘉,威
,川,佳,英
笠,原,浩,夫
@,乃,彩,音
李,钟,赫
彩,x,直
W,俊
,至,芝
,芳,馨
王,`,x
古,明,华
美,[,圭,子
甄,,蓓
坂,元,健,
曾,慕,雪
,幸
礼,真,琴
,L,真,世
杨,竹,青
,德,音
,廷,芳
P,吉,娜
\,木,瞳
伍,,茵
P,m
沙,月,,奈
香,坂,千,晶
鹿,R,丈,史
梁,小,冰
,月,A
S,翠,x
淡,u,千,景
韩,雪
,健,迅
李,心,洁
久,世,星,佳
,T
张,乩,米
焦,媛
崔,京,浩
乙,羽,信,子
,,f
刘,海,文
朱,霈,伦
,P,Q
雾,矢,大,梦
鲍,起,静
,幼,芳
T,兆,珊
f,斯,敏
橘,c,太
嘉,月,},理
星,条,海,斗
星,野,瞳
秋,@,美,w
崎,本,大,海
栗,原,
S,思,S
,敏,
汝,B,伶
蔡,琴
麻,乃,佳,世
李,丽,珍
_,松,
星,奈,,里
李,劭,婕
张,芳,瑜
北,翔,海,莉
R,沛,
森,公,美,子
,立,
,,卿
,中,洋
徐,A,t
朴,圣,雄
S,慧,慈
,J,涵
K,,晴
w,T,之
出,,c
山,本,耕,史
O,文,
李,永,S
许,景,淳
,本,健,一
侯,湘,婷
,乃,},夏
室,町,良,子
,},
大,和,悠,河
黄,绮,珊
w,珊
S,P,芹
,柏,廷
田,士,V
李,,洲
,欣,凌
F,矢,大,
石,丸,,二
,紫,琪
大,,子
,,婷
S,,斌
梁,祖,尧
水,原,h
未,,,希
,,丹
宝,,子
,f,光
植,田,圭,o
U,奕,安
靳,w
龙,真,D
周,志,x
汐,L,幸
_,北,安
T,,
杨,诗,敏
,,珊
周,永,恒
船,,慎,士
,世,海,司
黄,宇,诗
{,真,珍
罗,敏,庄
x,佩,琦
W,\,棠
邱,万,城
彩,吹,真,央
傅,康,
,永,泉
,英,
彭,佳,慧
藤,原,,
,冠,a
矢,代,
P,思,敏
沈,威,年
黄,慧,慈
品,冠
胡,,英
R,卿,A
横,尾,h
西,l,三,{
A,,子
仙,堂,花,i
帆,L,成,海
周,,z
v,x,`
程,伯,仁
苗,可,
郑,少,秋
,原,g,花
,E,I
,羿,慧
唐,,}
张,继,聪
,紫,央
m,川,浩
凉,风,真,世
,,
王,梓,轩
久,h,麻,耶
,虹,
,,盈
李,俊,
,碧,珊
K,志,翔
春,野,寿,美,礼
L,花,舞
水,原,,子
栗,原,类
_,香,菱
姚,黛,|
S,志,|
,曼,茵
,言,C
潘,N,良
初,L,
w,逸,
辛,,
京,三,
,浩,翔
夏,诗,妤
仲,田,博,喜
n,娜
王,智,慧
,文,忻
李,,明
凌,B,安
俞,文,超
壮,一,帆
山,口,v,一,郎
王,友,x
城,月,美,[
于,浩,威
许,慧,欣
朝,m,真,由
张,翔
周,定,纬
,波,慧
曾,志,h
,亮,佐
真,,由,季
二,A,堂,高,嗣
朱,,谦
W,,
新,垣,里,沙
彩,风,D,奈
段,旭,明
五,l,,川
和,,A
,智,皓
,柏,菱
R,景,x
中,村,香,
,沙,
叶,兴,华
桐,生,@,加
星,原,美,沙,w
佐,藤,隆,o
唐,瑞,m
平,原,c,香
