谋杀歌谣,6.7,1212,Trip Cullman/Sam Yates/胡晓庆/赵文郁/闻小炜/Trip Cullman/Sam Yates/胡晓庆/赵文郁/赵文郁/胡晓庆/胡晓庆/闻小炜/,https://www.douban.com/location/drama/24845673/
白夜行,7.9,3564,长谷川宁/,https://www.douban.com/location/drama/30281211/
变身怪医,8.1,1836,罗宾.菲利普（Robin Phillips）/Jeff Calhoun/Drew McOnie/David Swan/高瑞嘉/罗宾.菲利普（Robin Phillips）/Jeff Calhoun/Jeff Calhoun/Drew McOnie/David Swan/高瑞嘉/陈茜倩/David Swan/,https://www.douban.com/location/drama/10944600/
摇滚年代,6.5,466,肖杰/施亦骏/肖杰/施亦骏/,https://www.douban.com/location/drama/27625454/
《面试》中文版,8.1,372,郑定意/郑定意/郑定意/郑定意/郑定意/郑定意/郑定意/,https://www.douban.com/location/drama/34891317/
春之觉醒,8.5,813,Michael Mayer/Per Eltvik/Wesley Ellul/Ryan McBryde/Jonathan Berry/Michael Mayer/Per Eltvik/Wesley Ellul/Ryan McBryde/Jonathan Berry/Pete Gallagher/Bob Chapel/マイケル メイヤ`/Kate Sullivan/Michael Arden/Michael Johannes Mayer/Martin Timmy Haberger/Bjorn Dobbelaere/贾婧/白井晃/白井晃/Anna Skidis Vargas/Spencer Liff/刘晓邑/,https://www.douban.com/location/drama/3671947/
猫,9.0,23557,乔・安・罗宾逊 JO-ANNE  ROBINSON/Trevor Nunn/未知/John DeGaetano/Dave Campbell/乔・安・罗宾逊 JO-ANNE  ROBINSON/Trevor Nunn/Trevor Nunn/未知/未知/未知/未知/未知/未知/未知/未知/未知/未知/未知/未知/John DeGaetano/Dave Campbell/Trevor nunn/unknown/Trevor Nunn/Gillian Lynne/James L. Nederlander/Gillian Lynne/Trevor Nunn/,https://www.douban.com/location/drama/1603572/
春之觉醒（中文版）,7.5,202,Bjorn Dobbelaere/Spencer Liff/刘晓邑/Bjorn Dobbelaere/Spencer Liff/刘晓邑/,https://www.douban.com/location/drama/34937638/
丝路传奇・花木兰,,,刘令飞/,https://www.douban.com/location/drama/34927742/
危险游戏,7.4,306,Martin Charnin/Michael Rupert/朴智慧 （韩国）/高瑞嘉/Martin Charnin/Michael Rupert/朴智慧 （韩国）/高瑞嘉/,https://www.douban.com/location/drama/20388499/
两个人的谋杀,7.8,269,田水/,https://www.douban.com/location/drama/26945651/
吸血鬼德库拉伯爵,6.0,17,沈旭飞/,https://www.douban.com/location/drama/26271716/
芝加哥,8.5,8212,"Walter Bobbie/Philip Godawa/Bob Fosse/Fred Ebb/秦歌/Walter Bobbie/Philip Godawa/Bob Fosse/Walter Bobbie/Fred Ebb/秦歌/David Ian/Walter Bobbie/吴金佩/王展/秦歌/na/BOB FOSSE,WALTER BOBBIE/Walter Bobbie/Walter Bobbie/David Ian and Michael Watt/李子健/Rob Fisher/Andrew Bryan/Walter Bobbie/",https://www.douban.com/location/drama/10945536/
剧院魅影,9.5,12281,哈罗德・普林斯/秦歌/Laurence Connor/Nick Morris/Harold Prince/哈罗德・普林斯/哈罗德・普林斯/哈罗德・普林斯/秦歌/Laurence Connor/Nick Morris/Laurence Connor/Harold Prince/亚瑟・马塞拉/Laurence Connor/Harold Prince/Laurence Connor/Harold Prince/Harold Prince/Stephen Barlow/,https://www.douban.com/location/drama/10944557/
吉屋出租,8.0,3159,克里斯・哥伦布/未知/Phil Willmot/William Baker/Neil Patrick Harris/克里斯・哥伦布/未知/未知/未知/Phil Willmot/William Baker/未知/未知/Neil Patrick Harris/Michael Greif/陈尚东/Paul Kerryson/Kristen Boulé/Michael John Warren/曹爽/王展/,https://www.douban.com/location/drama/10944565/
窈窕淑女,8.3,748,Moss Hart/Jerry Adler/Patrick Garland/Howard Davies/车旭东/Moss Hart/Jerry Adler/Patrick Garland/Howard Davies/车旭东/约瑟夫・格雷夫斯/Bartlett Sher/,https://www.douban.com/location/drama/10944525/
洗衣服,7.5,436,秋民主/张博（复排导演）/秋民主/张博（复排导演）/秋民主/秋民主/,https://www.douban.com/location/drama/26706930/
新石头记 The New Story of The Stone,6.0,53,张永庆/,https://www.douban.com/location/drama/33433014/
水曜日,7.1,1540,高瑞嘉/高瑞嘉/高瑞嘉/,https://www.douban.com/location/drama/30418734/
黑与白的证明,6.2,20,王嘉昴/李林忆/,https://www.douban.com/location/drama/30354344/
开心麻花版 隐婚男女,7.0,219,高瑞嘉/,https://www.douban.com/location/drama/33436847/
马不停蹄的忧伤,7.0,453,吴世e/刘晓邑/闻小炜/吴世e/刘晓邑/闻小炜/,https://www.douban.com/location/drama/30317948/
爱与谋杀的绅士指南,7.5,355,Darko Tresnjak/杨景翔/Darko Tresnjak/杨景翔/,https://www.douban.com/location/drama/25792797/
周日恋曲,6.8,728,未知/保罗・华威・格里芬/马h/未知/保罗・华威・格里芬/马h/,https://www.douban.com/location/drama/20433576/
当爱已成往事,6.6,236,John Rando/,https://www.douban.com/location/drama/34898735/
爱在星光里,6.4,93,马达/马达/马达/,https://www.douban.com/location/drama/30360487/
春上海1949,,,钟浩/马良/陶思捷/,https://www.douban.com/location/drama/34850323/
阿尔兹记忆的爱情,5.9,604,田沁鑫/田沁鑫/田沁鑫/,https://www.douban.com/location/drama/26963304/
断桥,7.3,149,王晓鹰/,https://www.douban.com/location/drama/11599744/
小时代,5.0,49,吴斌/刘方祺/,https://www.douban.com/location/drama/26387773/
诗经・采薇,5.0,13,王晓鹰/,https://www.douban.com/location/drama/33454926/
天地运河情,7.5,12,不详/,https://www.douban.com/location/drama/33380576/
告诉海,,,未知/,https://www.douban.com/location/drama/11636787/
爱上邓丽君,7.4,137,Joey来自百老汇的一线导演/,https://www.douban.com/location/drama/10944685/
秋裤和擀面杖,7.5,224,张文潇/,https://www.douban.com/location/drama/27115460/
故宫里的大怪兽之吻兽使命,6.5,16,叶逊谦/,https://www.douban.com/location/drama/30361170/
合租时代,,,沈文帅/,https://www.douban.com/location/drama/20561986/
兵马俑,,,_⑷/,https://www.douban.com/location/drama/19951166/
奇幻闹钟事件簿,,,刘能一/,https://www.douban.com/location/drama/27104839/
昆仑神话,6.2,35,周申/,https://www.douban.com/location/drama/20445501/
森林诱惑（又名拜访森林）,8.9,1170,詹姆斯.拉平恩（James Lapine）/理查德.琼斯（Richard Jones）/Timothy Sheader/汤姆・奥索夫斯基/范卫华/詹姆斯.拉平恩（James Lapine）/理查德.琼斯（Richard Jones）/詹姆斯.拉平恩（James Lapine）/詹姆斯.拉平恩（James Lapine）/Timothy Sheader/汤姆・奥索夫斯基/范卫华/赵永斌/钟浩/Noah Brody/Ben Steinfeld/韩杰/赵永斌/Tim McArthur/James Lapine/,https://www.douban.com/location/drama/1439172/
鲜花烈火,,,郁百杨/,https://www.douban.com/location/drama/17101433/
小城之春,,,王芳/,https://www.douban.com/location/drama/27619746/
我，堂吉诃德,8.2,4866,Joseph Graves/Joseph Graves 约瑟夫・格雷夫斯/Jonathan Kent/Albert Marre/Julia Rodriguez-Elliott/Joseph Graves/Joseph Graves 约瑟夫・格雷夫斯/Jonathan Kent/Albert Marre/Albert Marre/Albert Marre/Albert Marre/Julia Rodriguez-Elliott/,https://www.douban.com/location/drama/10944535/
时光旅行局意外事件,7.0,69,魏玮/,https://www.douban.com/location/drama/33383637/
至乐汇音乐剧高手,6.0,149,樊冲/监制：陈铭章/执行导演：方毅恒/,https://www.douban.com/location/drama/27031635/
大力水手,,,李宗熹/,https://www.douban.com/location/drama/34910615/
香妃,4.3,11,蒋可/,https://www.douban.com/location/drama/23707862/
兰波,6.2,236,李心毅/,https://www.douban.com/location/drama/30400015/
TA不见了,6.2,115,方毅恒/,https://www.douban.com/location/drama/30483345/
我已经不再是我,7.7,46,刘璐/刘璐/刘璐/,https://www.douban.com/location/drama/27201134/
蝶,8.7,1430,吉勒・马呜 Gilles Maheau/勒・马呜 Gilles Maheau/吉勒・马呜 Gilles Maheau/吉勒・马呜 Gilles Maheau/勒・马呜 Gilles Maheau/,https://www.douban.com/location/drama/10944682/
聂小倩与宁采臣,8.2,250,黄凯/,https://www.douban.com/location/drama/26319711/
再见，1990,,,高瑞嘉/,https://www.douban.com/location/drama/33452117/
中文版灰姑娘,5.7,278,Joseph Graves/,https://www.douban.com/location/drama/30232910/
中文版近乎正常,7.4,686,Joseph Graves/,https://www.douban.com/location/drama/30291281/
快把我哥带走,6.0,44,崔重敏/,https://www.douban.com/location/drama/34905945/
我期待,,,张晨/朱峰/,https://www.douban.com/location/drama/26287193/
天天想你,4.6,40,姜富琴/姜富琴/姜富琴/,https://www.douban.com/location/drama/26700896/
p肉，遇见你,7.0,16,高天恒/高天恒/高天恒/,https://www.douban.com/location/drama/27599483/
倾城记,,,韩圭晶/,https://www.douban.com/location/drama/30485398/
美丽的错误,,,伍锦涛/,https://www.douban.com/location/drama/19897568/
东区卡门,,,伍锦涛/,https://www.douban.com/location/drama/12059443/
放牛班的春天・中文版,7.1,672,Joseph Graves/监制Christophe Barratier/克里斯托夫/Joseph Graves/监制Christophe Barratier/克里斯托夫/,https://www.douban.com/location/drama/30443551/
四月望雨,,,符宏征/,https://www.douban.com/location/drama/26301377/
天堂边缘,,,李建常/王友x/李建常/王友x/,https://www.douban.com/location/drama/24284490/
音乐之声,8.5,1933,Vincent J. Donehue/未知/Jerome Whyte/James/Susan H. Schulman/Vincent J. Donehue/未知/Jerome Whyte/未知/未知/未知/未知/James/未知/Susan H. Schulman/Susan Schulman/Renaud Doucet/未知/Staffan G02testam/Richard Hamburger/John Yost/未知/未知/西田直木/未知/未知/未知/Jeremy Sams/Joseph Graves/未知/Johnny Bowles/Joseph Graves/,https://www.douban.com/location/drama/10944528/
音乐之声中文版,,,不详/,https://www.douban.com/location/drama/34963776/
律・诗―雷经天,7.2,26,陈天然/,https://www.douban.com/location/drama/26782715/
梵高 中文版,6.2,47,金圭钟（原版）/,https://www.douban.com/location/drama/33380369/
帅小伙的蔬果店,6.5,50,刘晓邑/,https://www.douban.com/location/drama/34907490/
恋爱吧！人类,7.0,926,马达/于晓U/马达/于晓U/于晓U/马达/,https://www.douban.com/location/drama/30308617/
醉后赢家,6.9,90,马达/,https://www.douban.com/location/drama/34872693/
寻找初恋,7.7,641,武雨泽/武雨泽/武雨泽/武雨泽/,https://www.douban.com/location/drama/24536706/
爷们儿,7.3,1730,吴昱翰/吴昱翰/吴昱翰/吴昱翰/,https://www.douban.com/location/drama/24840528/
小岛往事,,,凯蒂・坎贝尔/,https://www.douban.com/location/drama/34649337/
一步登天,6.7,797,阿比.布若斯（Abe Burrows）/Des McAnuff/Rob Ashford/约瑟夫61格雷夫斯 (Joseph Graves)/酒井澄夫/阿比.布若斯（Abe Burrows）/Des McAnuff/Rob Ashford/约瑟夫61格雷夫斯 (Joseph Graves)/酒井澄夫/,https://www.douban.com/location/drama/10944531/
人鱼公主・海洋之歌,,,黄凯/杨梓艺/,https://www.douban.com/location/drama/30433319/
灰姑娘・美丽转身,,,通拉嘎/赵云雪/,https://www.douban.com/location/drama/30439565/
绿鸟,7.6,23,Victoria Newlyn/Victoria Newlyn/Victoria Newlyn/,https://www.douban.com/location/drama/30352515/
楼兰,5.6,18,马良/,https://www.douban.com/location/drama/24380731/
音乐剧明星集锦音乐会,,,Bjorn Dobbelaere/,https://www.douban.com/location/drama/34952539/
神秘的糖果工厂,8.6,75,Joe Barros/,https://www.douban.com/location/drama/30271975/
领带与高跟鞋,,,罗北安/王洋（特邀）/罗北安/罗北安/罗北安/王洋（特邀）/,https://www.douban.com/location/drama/10944692/
Mini Lover,6.3,366,朱峰/付翔/汪海刚/姜柏任（执行导演）/朱峰/付翔/汪海刚/姜柏任（执行导演）/,https://www.douban.com/location/drama/26874440/
昆西莫多,,,林文尹/,https://www.douban.com/location/drama/25795319/
新社员,,,S文/S文/S文/,https://www.douban.com/location/drama/26264879/
利维坦2.0,,,S文/,https://www.douban.com/location/drama/26897344/
我的遗愿清单,7.3,1776,何念/马达/何念/马达/何念/马达/,https://www.douban.com/location/drama/27053754/
中文版长腿叔叔,7.3,1006,朴素英/周笑微/朴素英/周笑微/朴素英/周笑微/,https://www.douban.com/location/drama/30129730/
坠入爱河,5.5,28,成宰浚/王魏/成宰浚/王魏/,https://www.douban.com/location/drama/26849693/
如果,6.8,106,王作文/,https://www.douban.com/location/drama/33387906/
新神笔马良,,,沙建勋/,https://www.douban.com/location/drama/26414738/
我，小王子,,,叶逊谦 William Yip/,https://www.douban.com/location/drama/26393145/
番茄不简单,7.2,242,武雨泽/魏诗泉（音乐）/刘艾（舞蹈）/武雨泽，魏诗泉（音乐）， 刘艾（舞蹈）/武雨泽/魏诗泉（音乐）/刘艾（舞蹈）/武雨泽，魏诗泉（音乐）， 刘艾（舞蹈）/,https://www.douban.com/location/drama/25928772/
都是兵惹的,,,_北安/李小平/林于竣/_北安/李小平/_北安/_北安/林于竣/,https://www.douban.com/location/drama/23715352/
黑道害我真命苦,,,_北安/,https://www.douban.com/location/drama/23715355/
查理与巧克力工厂,8.1,219,Sam Mendes/,https://www.douban.com/location/drama/22224402/
献给阿尔吉侬的花束,7.7,392,Anne Kessler/李泫圭/Anne Kessler/李泫圭/,https://www.douban.com/location/drama/25842376/
少年台湾,7.1,181,符宏征/,https://www.douban.com/location/drama/25731421/
双城恋曲,,,未知/,https://www.douban.com/location/drama/19899739/
摇滚芭比,9.1,147,Peter Askin/Michael Mayer/Brook Hall/李智娜/ヨリコ ジュン/Peter Askin/Michael Mayer/Brook Hall/李智娜/ヨリコ ジュン/,https://www.douban.com/location/drama/11511070/
美味型男,6.5,47,梁允睿/梁允睿/梁允睿/,https://www.douban.com/location/drama/11613219/
嬉64百老RV-I AM WHAT I AM,,,曾慧诚/,https://www.douban.com/location/drama/20472011/
受不了，我就是瘦不了,,,何康国/,https://www.douban.com/location/drama/26677094/
聊斋,6.5,122,郭践红/,https://www.douban.com/location/drama/33379611/
老九,,,郭践红/,https://www.douban.com/location/drama/11968730/
下午，美术馆里的四个人,9.2,12,郑智文/,https://www.douban.com/location/drama/25712548/
渭水春风,,,符宏征/符宏征/符宏征/,https://www.douban.com/location/drama/10944726/
魔笛狂想,,,纬芯/,https://www.douban.com/location/drama/10944720/
台湾有个好莱坞,,,杨景翔/,https://www.douban.com/location/drama/34433081/
第十二夜,,,吕柏伸/,https://www.douban.com/location/drama/34848581/
情人哏里出西施,,,x念祖/,https://www.douban.com/location/drama/26196796/
幸运儿,,,威拉德-贝克汉姆(Willard Beckham)/,https://www.douban.com/location/drama/10944718/
看太阳,,,梁志民/梁志民/梁志民/,https://www.douban.com/location/drama/23227175/
天使-不夜城,,,梁志民/梁志民/梁志民/,https://www.douban.com/location/drama/23167412/
吻我吧娜娜,5.3,13,梁志民/梁志民/梁志民/,https://www.douban.com/location/drama/23172532/
跑路天使,,,梁志民/,https://www.douban.com/location/drama/11533567/
爱神怕不怕,,,梁志民/,https://www.douban.com/location/drama/23231065/
俏红娘,8.2,186,Gower Champion/Lucia Victor/Lee Roy Reams/梁志民/陈敢权/Gower Champion/Lucia Victor/Lucia Victor/Lee Roy Reams/梁志民/陈敢权/陈敢权/Jerry Zaks/,https://www.douban.com/location/drama/10944533/
DIVA 先生的华丽戏剧教室,,,林泽群/Frankie Ho/,https://www.douban.com/location/drama/14311269/
异型金刚,,,林扇/S斌/Frankie Ho/,https://www.douban.com/location/drama/19951197/
奇幻圣诞夜,,,米高．杜本 Michael Dobbin (加拿大 Canada)/,https://www.douban.com/location/drama/11632548/
动物农庄,,,~dt/,https://www.douban.com/location/drama/11632617/
蜘蛛女之吻,,,邓树荣/,https://www.douban.com/location/drama/20285320/
一笼傻鸟,8.5,38,Arthur Laurents/Jerry Zacks/Terry Johnson/山田和也/敢/Arthur Laurents/Jerry Zacks/Terry Johnson/山田和也/敢/,https://www.douban.com/location/drama/10944553/
山中方七日,,,周/,https://www.douban.com/location/drama/19950263/
雪后,,,彭南/,https://www.douban.com/location/drama/19951336/
边城,8.0,13,彭南/,https://www.douban.com/location/drama/10944704/
博到单车变摩托@真的散band了,,,淑x/,https://www.douban.com/location/drama/19951250/
星梦尘缘,,,彭镇南/,https://www.douban.com/location/drama/17056363/
恋爱轻飘飘,6.7,75,彭镇南/,https://www.douban.com/location/drama/16676348/
美丽的一天,,,彭镇南/,https://www.douban.com/location/drama/24752999/
朝暮有情人,7.1,60,彭镇南/,https://www.douban.com/location/drama/27185952/
没有人造卫星相撞的夜空,,,陈永泉/,https://www.douban.com/location/drama/25803389/
痔街,,,王敏豪/,https://www.douban.com/location/drama/11632611/
嗑S港,,,余振球/,https://www.douban.com/location/drama/19975782/
阿森与莎莉的花Far世界,,,梁s忠/彭南/,https://www.douban.com/location/drama/19951328/
偕夏愕母,,,可/,https://www.douban.com/location/drama/19975726/
那时…爱你…快5年,,,永泉/,https://www.douban.com/location/drama/10944713/
喜灵州……分享夜,,,余振球/,https://www.douban.com/location/drama/25853756/
利玛窦,7.3,17,刘松仁/,https://www.douban.com/location/drama/33421950/
天生不是女人,,,王嘉翊/陈健豪/,https://www.douban.com/location/drama/11612857/
遇上1941的女孩,,,彭镇南/,https://www.douban.com/location/drama/26757197/
野玫瑰之恋,,,王嘉翊/,https://www.douban.com/location/drama/19951354/
神勇女杀手决战霹雳黑玫瑰,,,王嘉翊/,https://www.douban.com/location/drama/24704175/
孙中山革命前传,,,余健生/,https://www.douban.com/location/drama/20452323/
旭日,,,余健生/,https://www.douban.com/location/drama/17396201/
MISS 杜十娘,,,黄树辉/,https://www.douban.com/location/drama/19897740/
cc隔世情,,,可/,https://www.douban.com/location/drama/19975557/
细味人生,,,S漭x/,https://www.douban.com/location/drama/19975541/
车你好,,,彭镇南/,https://www.douban.com/location/drama/19894031/
富贵逼人,,,未知/,https://www.douban.com/location/drama/21330658/
大家乐,,,王嘉翊/,https://www.douban.com/location/drama/14330616/
我的快乐时代,,,焦媛/,https://www.douban.com/location/drama/11632615/
思缠酒后……,,,温昊翁/,https://www.douban.com/location/drama/24704167/
圣诞袜语,,,未知/,https://www.douban.com/location/drama/14332589/
上司爱窃听,,,黄丽萍/钱德顺/,https://www.douban.com/location/drama/25712541/
潮州姑爷,,,⒑葡/郭志/⒑葡/郭志/,https://www.douban.com/location/drama/10944714/
天堂之后,,,方家煌/,https://www.douban.com/location/drama/26370634/
我要高8度,,,方俊杰/,https://www.douban.com/location/drama/26597469/
大状王,,,方俊杰/,https://www.douban.com/location/drama/34950165/
辉煌音乐剧,,,高志森/,https://www.douban.com/location/drama/26667714/
Zo「麟」次,,,高志森/,https://www.douban.com/location/drama/20285293/
风之后,,,李伟祥/,https://www.douban.com/location/drama/24851636/
顺流逆流,,,王嘉翊/,https://www.douban.com/location/drama/25920003/
彼平正传,8.1,140,Bob Fosse/Diane Paulus/Bob Fosse/Diane Paulus/Diane Paulus/,https://www.douban.com/location/drama/11516602/
贵妇人的访问,,,山田和也/,https://www.douban.com/location/drama/26587552/
ディ`トリッヒ,,,吉川/,https://www.douban.com/location/drama/21762872/
守财奴,,,未知/井上尊晶/未知/未知/未知/井上尊晶/,https://www.douban.com/location/drama/21339680/
ジキルとハイド,,,山田和也/,https://www.douban.com/location/drama/26746973/
小气财神,,,井上尊晶/,https://www.douban.com/location/drama/34955493/
Lady Bess,7.8,22,小池修一郎/小池修一郎/小池修一郎/,https://www.douban.com/location/drama/25867728/
基督山伯爵,,,ジャック99マ`フィ/,https://www.douban.com/location/drama/25807192/
伊丽莎白,9.5,4370,Harry Kupfer/Eddy Habbema/刘路/江珊/216461/Harry Kupfer/Eddy Habbema/Eddy Habbema/Harry Kupfer/刘路/江珊/Harry Kupfer/216461/Harry Kupfer/小池修一郎/Harry Kupfer/章博森/章博森/,https://www.douban.com/location/drama/1825726/
伊丽莎白,9.1,128,小池修一郎/,https://www.douban.com/location/drama/26895350/
ラブ99ネバ`99ダイ,,,Simon Phillips/,https://www.douban.com/location/drama/25854949/
スウィ`ニ`99トッド ～フリ`ト街の魔の理～,,,m本T/,https://www.douban.com/location/drama/26724628/
蝴蝶梦,9.1,927,Francesca Zambello/许梅/810134/Andreas Gergen/Francesca Zanbello/Francesca Zambello/许梅/810134/810134/Andreas Gergen/Francesca Zanbello/Francesca Zanbello/Francesca Zanbello/,https://www.douban.com/location/drama/10944628/
木兰少女,6.7,21,吕柏伸/蔡柏璋/吕柏伸/蔡柏璋/吕柏伸/,https://www.douban.com/location/drama/20277833/
情尽夜上海,,,梁志民/,https://www.douban.com/location/drama/23173964/
搭错车,6.4,103,曾慧诚/高志森/曾慧诚/高志森/,https://www.douban.com/location/drama/30281873/
爱情有什么道理,,,春禾剧团/,https://www.douban.com/location/drama/10944695/
再一次，梦想,,,高天恒/,https://www.douban.com/location/drama/27179542/
下午，美术馆里的四个人,,,郑智文/,https://www.douban.com/location/drama/26646801/
雨港基隆,,,徐宏/,https://www.douban.com/location/drama/33397889/
因为爱情2,6.7,103,小柯/,https://www.douban.com/location/drama/26351301/
你说我容易吗之百万约定,7.1,89,小柯/,https://www.douban.com/location/drama/26700882/
我变了，我没变,6.5,62,柯肇雷/,https://www.douban.com/location/drama/30164530/
毛毛带你飞,10.0,16,张文潇/,https://www.douban.com/location/drama/34428632/
《吉屋出租》中文版,7.3,487,Trey Ellett/石路/,https://www.douban.com/location/drama/34927943/
求婚女王,8.0,829,王建华/王建华/王建华/,https://www.douban.com/location/drama/30390313/
纳斯尔丁61阿凡提,5.1,32,肖杰/,https://www.douban.com/location/drama/24706687/
你说我容易吗之万万不能,6.7,41,小柯/,https://www.douban.com/location/drama/33449755/
中文版I Do！I Do!,6.3,127,高瑞嘉/,https://www.douban.com/location/drama/30129733/
螺丝小姐,4.6,12,叶逊谦/,https://www.douban.com/location/drama/24740898/
我的长腿叔叔,7.3,20,叶逊谦/,https://www.douban.com/location/drama/24849790/
热舞甜心,6.3,309,汪琨/,https://www.douban.com/location/drama/26140711/
任天堂,7.2,55,沈文帅/,https://www.douban.com/location/drama/11510885/
厕客浮士德,,,甄蓓/志/,https://www.douban.com/location/drama/19950242/
张国荣-负零距离接触,,,刘志新/,https://www.douban.com/location/drama/24852467/
彝红,6.9,17,曹平/,https://www.douban.com/location/drama/26350965/
我们的爱情故事,,,周莉亚/,https://www.douban.com/location/drama/33424299/
紫石街,5.0,100,万军/,https://www.douban.com/location/drama/26616560/
侠盗亚森罗平,6.7,18,正V晴彦/,https://www.douban.com/location/drama/25921748/
过去五年,6.7,157,Daisy Prince/铃木胜秀/Jason Robert Brown/罗兰/Daisy Prince/铃木胜秀/Jason Robert Brown/罗兰/,https://www.douban.com/location/drama/11511031/
唯不忘相思,,,加盐的咖啡/加盐的咖啡/加盐的咖啡/,https://www.douban.com/location/drama/34888344/
弘一,,,郁百杨/杨士德/,https://www.douban.com/location/drama/25839845/
雪狼湖,8.7,193,张学友/张学友/张学友/,https://www.douban.com/location/drama/10944703/
马路天使,,,周小倩/周小倩/周小倩/,https://www.douban.com/location/drama/10944697/
两个人的谋杀,,,SCOTT SCHWARTZ/田水/SCOTT SCHWARTZ/田水/,https://www.douban.com/location/drama/25797931/
白兰芝,5.7,74,刘亮延/,https://www.douban.com/location/drama/20267361/
诱惑者日记,7.8,48,安德斯・尼伯格/,https://www.douban.com/location/drama/20562103/
国之当歌,6.5,47,信洪海/,https://www.douban.com/location/drama/22190765/
诽闻绯闻,,,乔治・马威斯（瑞典）/,https://www.douban.com/location/drama/10944693/
爱在天际,,,郁百杨/,https://www.douban.com/location/drama/25780772/
美女与野兽,8.3,1043,Robert Jess Roth/未知/Rob Roth/Robert Jess Roth/未知/未知/未知/未知/未知/未知/未知/Rob Roth/,https://www.douban.com/location/drama/10944602/
狮子王,8.7,2767,"Julie Taymor/Julie Taymor, John Stefaniuk/Julie Taymor/Julie Taymor/Julie Taymor, John Stefaniuk/",https://www.douban.com/location/drama/10944567/
梵高,5.7,426,邓伟杰/,https://www.douban.com/location/drama/26968191/
泰爱你,6.3,70,陈天然/,https://www.douban.com/location/drama/26969631/
火焰,6.0,153,马达/,https://www.douban.com/location/drama/34924587/
粉丝来信 fanletter,9.1,156,韩在恩/,https://www.douban.com/location/drama/33397995/
我爱你，你完美，现在改变吧,8.3,44,Joel Bishoff/Dr. Petere Jordan/\程/刘阳/王宏元/Joel Bishoff/Dr. Petere Jordan/\程/刘阳/王宏元/陈淑仪/Kirk Jameson/,https://www.douban.com/location/drama/10944711/
我爱你，你完美，现在改变吧,,,刘阳 /,https://www.douban.com/location/drama/10944684/
I love you,6.7,28,Joel Bishoff /,https://www.douban.com/location/drama/10944683/
穿红靴的猫,,,邵美君/,https://www.douban.com/location/drama/19974516/
四川好人,7.3,25,彭镇南/彭南/彭镇南/彭南/,https://www.douban.com/location/drama/10944705/
Octave柯迪夫,,,S智/司徒慧焯/,https://www.douban.com/location/drama/19975373/
I Love You Because,,,林立三/,https://www.douban.com/location/drama/14330631/
曾经,8.1,536,John Tiffany/王畅/Peter Rowe/John Tiffany/John Tiffany/John Tiffany/John Tiffany/John Tiffany/王畅/Peter Rowe/,https://www.douban.com/location/drama/10944625/
顶头槌,8.2,94,陈敢权/,https://www.douban.com/location/drama/10944715/
太平山之疫,6.0,10,林立三/,https://www.douban.com/location/drama/26706094/
家庭保卫队,,,司徒慧焯/,https://www.douban.com/location/drama/19951325/
2月14,,,]升/傅月美/]升/傅月美/,https://www.douban.com/location/drama/11612765/
艺海唐生,,,W\棠/~ff（合а荩/,https://www.douban.com/location/drama/30162516/
聊斋新志,8.0,49,李森/,https://www.douban.com/location/drama/19951186/
但人L久,,,林立三/李森/林立三/李森/,https://www.douban.com/location/drama/20276553/
酸酸甜甜香港地,,,毛俊x/,https://www.douban.com/location/drama/19949955/
白蛇青蛇,,,P/,https://www.douban.com/location/drama/19949983/
斗浪潮,,,李鸿其/,https://www.douban.com/location/drama/11615923/
麦琪的礼物,6.6,20,敖晓艺/,https://www.douban.com/location/drama/30163543/
魔法坏女巫,8.2,5549,Joe Mantello/Petra Siniawski （UK Associate Director）/LE hue/Joe Mantello/Joe Mantello/Petra Siniawski （UK Associate Director）/LE hue/Joe Mantello/Joe Mantello/Joe Mantello/,https://www.douban.com/location/drama/10944608/
摇滚学校,8.4,3788,Laurence Connor/Laurence Connor/Laurence Connor/Laurence Connor/,https://www.douban.com/location/drama/21339674/
拉赫玛尼诺夫,6.9,1098,安载英/高瑞嘉/安载英/高瑞嘉/,https://www.douban.com/location/drama/30282348/
保镖,7.0,811,Thea Sharrock/CJ E&M/西娅-夏罗克/Thea Sharrock/CJ E&M/西娅-夏罗克/,https://www.douban.com/location/drama/23129011/
凤凰阿佳与火山神,,,万军/,https://www.douban.com/location/drama/34896816/
啊！鼓岭,6.8,73,卓依61马可尼里(Joey Mckneely)/,https://www.douban.com/location/drama/26426749/
繁花尽落的青春,5.8,14,周小倩/,https://www.douban.com/location/drama/30391240/
犹太人在上海,6.1,41,徐俊/,https://www.douban.com/location/drama/26729422/
红磨坊,6.5,93,向异/Alex Timbers/向异/Alex Timbers/Alex Timbers/,https://www.douban.com/location/drama/20504271/
第十二夜,,,}田淳/}田淳/}田淳/,https://www.douban.com/location/drama/26603882/
刀剑乱舞91阿津R志山异闻91,8.4,193,茅野イサム/茅野イサム/茅野イサム/茅野イサム/,https://www.douban.com/location/drama/26782494/
银河英雄传说 初阵篇,,,川光俊哉/,https://www.douban.com/location/drama/26304486/
银河英雄传说 外传 双壁篇,6.6,12,ヨリコジユン/,https://www.douban.com/location/drama/11604245/
银河英雄传说 击坠王,,,ヨリコジユン/,https://www.douban.com/location/drama/26302944/
银河英雄传说  星辉篇,,,ヨリコジユン/,https://www.douban.com/location/drama/26302977/
瘾型人,,,周 乔 /,https://www.douban.com/location/drama/10863631/
夜曲 - bh夏日的,8.3,12,原田/,https://www.douban.com/location/drama/26586379/
遥远时空中 舞一夜,7.7,19,西广奏/,https://www.douban.com/location/drama/11604342/
遥远时空中 胧草纸,6.9,12,久保健一郎/,https://www.douban.com/location/drama/11604347/
遥远时空中2,,,キタムラトシヒロ/,https://www.douban.com/location/drama/25660758/
遥远时空中5,,,キタムラトシヒロ/,https://www.douban.com/location/drama/26388906/
bh旅途的Kc,,,太田哲t/太田哲t/太田哲t/,https://www.douban.com/location/drama/34443898/
名商焦鹿,,,大v弘政/中村/日比野桃子/大v弘政/中村/日比野桃子/大v弘政/,https://www.douban.com/location/drama/34800183/
往日的玫瑰一朵,,,柴田侑宏/柴田侑宏/柴田侑宏/,https://www.douban.com/location/drama/33457900/
Tender Green,,,正V晴彦/正V晴彦/正V晴彦/,https://www.douban.com/location/drama/34451108/
春L的招待,,,植田/植田/植田/,https://www.douban.com/location/drama/34467406/
微L的牧歌,,,大v弘政/大v弘政/大v弘政/大v弘政/,https://www.douban.com/location/drama/34802417/
恋情家,,,大v弘政/大v弘政/大v弘政/,https://www.douban.com/location/drama/34451136/
面向t海的祈\,,,柴田侑宏/柴田侑宏/柴田侑宏/,https://www.douban.com/location/drama/34808730/
朝F中消失之人,,,柴田侑宏/柴田侑宏/柴田侑宏/,https://www.douban.com/location/drama/34473945/
山丘上的尼,,,菅沼/菅沼/菅沼/,https://www.douban.com/location/drama/34437825/
爪哇舞者,,,植田/谷正/植田/谷正/植田/谷正/植田/植田/,https://www.douban.com/location/drama/25905609/
霞光映照紫之花,8.6,69,柴田侑宏/尾上菊之丞/花若春秋（f力）/大野 拓史/柴田侑宏/尾上菊之丞/柴田侑宏/花若春秋（f力）/柴田侑宏/尾上菊之丞/柴田侑宏/花若春秋（f力）/大野 拓史/柴田侑宏/柴田侑宏/,https://www.douban.com/location/drama/25839703/
星影之人,8.3,64,柴田侑宏/尾上菊之丞/中村/柴田侑宏/尾上菊之丞/柴田侑宏/尾上菊之丞/中村/,https://www.douban.com/location/drama/25842766/
凡尔赛玫瑰・昭和版,,,L谷川一夫/植田/L谷川一夫/植田/植田/植田/植田/,https://www.douban.com/location/drama/30376912/
The Revue,,,横捎⑿/田敬二/草野旦/小原弘稔/酒井澄夫/横捎⑿/田敬二/草野旦/横捎⑿/田敬二/草野旦/小原弘稔/酒井澄夫/田敬二/田敬二/,https://www.douban.com/location/drama/34823040/
了h去的你,,,植田/阿古健/植田/阿古健/植田/阿古健/,https://www.douban.com/location/drama/34437715/
永远物语,,,草野旦/草野旦/草野旦/草野旦/草野旦/,https://www.douban.com/location/drama/26880900/
战争与和平,,,植田/,https://www.douban.com/location/drama/30431524/
山露之中,,,柴田侑宏/柴田侑宏/柴田侑宏/,https://www.douban.com/location/drama/30234736/
晓之罗马,8.3,20,木村信司/木村信司/木村信司/,https://www.douban.com/location/drama/25807512/
飞鸟夕映,7.8,21,大野拓史/褂衩髯/大野拓史/褂衩髯/,https://www.douban.com/location/drama/25855885/
伊丽莎白－爱与死的轮舞－,9.3,835,未知/小池 修一郎/中村 一/小池修一朗/小池 修一朗/未知/未知/小池 修一郎/中村 一/未知/未知/未知/未知/未知/小池修一朗/小池 修一朗/,https://www.douban.com/location/drama/20503270/
卡拉马佐夫兄弟,8.2,48,S藤吉正/S藤吉正/S藤吉正/,https://www.douban.com/location/drama/25831798/
奥涅金,8.7,19,植田景子/植田景子/植田景子/,https://www.douban.com/location/drama/25793404/
N薇封印 -Vampire Requiem-,8.6,33,小池修一郎/小柳奈[子/小池修一郎/小柳奈[子/小柳奈[子/,https://www.douban.com/location/drama/24882320/
热情的巴塞罗那,6.6,14,中村一/柴田侑宏/中村一/柴田侑宏/,https://www.douban.com/location/drama/25851548/
唐璜先生,7.7,12,植田景子/褂衩髯/植田景子/褂衩髯/,https://www.douban.com/location/drama/25846411/
恋天狗,,,小柳奈[子/木圭/c田浩一/褂衩髯/小柳奈[子/木圭/c田浩一/褂衩髯/,https://www.douban.com/location/drama/25958895/
JAZZY精灵,,,谷正/荻田浩一/谷正/荻田浩一/,https://www.douban.com/location/drama/26711542/
留客的雨,,,谷正/,https://www.douban.com/location/drama/26820165/
金色的沙漠,8.6,106,上田 久美子/上田 久美子/上田 久美子/,https://www.douban.com/location/drama/26973132/
南的哀愁,,,内海重典/内海重典/内海重典/内海重典/内海重典/内海重典/内海重典/内海重典/,https://www.douban.com/location/drama/34811404/
虞美人－新たなる徽h－,8.4,79,木村信司/白井F造/木村信司/白井F造/,https://www.douban.com/location/drama/25741962/
飞翔无限/天使的季节,8.0,56,植田/中村一/木圭/植田/中村一/木圭/植田/,https://www.douban.com/location/drama/25819420/
花成花,,,植田/,https://www.douban.com/location/drama/26169957/
长崎时雨坡,7.9,13,植田/植田/植田/植田/,https://www.douban.com/location/drama/25795523/
艋帽κ夙／This is TAKARAZUKA！,,,植田/三木章雄/,https://www.douban.com/location/drama/26600674/
海浪ZQ中的武士之,,,植田/植田/植田/,https://www.douban.com/location/drama/34848380/
俄克拉荷马,8.0,234,Rouben Mamoulian/William Hammerstein/Trevor Nunn/中村一/Gemze de Lappe/Rouben Mamoulian/Rouben Mamoulian/Rouben Mamoulian/William Hammerstein/Trevor Nunn/Trevor Nunn/中村一/Gemze de Lappe/正V晴彦/Daniel Fish/范卫华，Dewayne Barrett/,https://www.douban.com/location/drama/10944580/
新源氏物语,8.1,146,大野 拓史/柴田侑宏/大野 拓史/大野 拓史/柴田侑宏/柴田侑宏/,https://www.douban.com/location/drama/26693028/
梦的十分银币,9.0,103,中村/木村信司/中村/木村信司/中村/木村信司/,https://www.douban.com/location/drama/25863465/
银之狼,7.9,47,正V晴彦/正V晴彦/正V晴彦/正V晴彦/,https://www.douban.com/location/drama/25797479/
咖啡园嘉年华,8.0,31,柴田侑宏/柴田侑宏/柴田侑宏/,https://www.douban.com/location/drama/25781844/
伟大的遗产,,,太田哲t/太田哲t/太田哲t/,https://www.douban.com/location/drama/34816133/
红与黑,8.8,59,中村/柴田侑宏/中村/柴田侑宏/,https://www.douban.com/location/drama/24861194/
PUCK,8.5,77,小池 修一郎/小池修一郎/小池 修一郎/小池 修一郎/小池修一郎/,https://www.douban.com/location/drama/26283000/
大饭店,9.3,39,トミ`99チュ`ン/田敬二/ニキ99ハリス/トミ`99チュ`ン/田敬二/ニキ99ハリス/トミ`99チュ`ン/トミ`99チュ`ン/田敬二/,https://www.douban.com/location/drama/26329449/
大饭店,7.5,38,汤米.图恩（Tommy Tune）/Thom Southerland/Tommy Tune/冈田敬二/汤米.图恩（Tommy Tune）/Thom Southerland/Tommy Tune/冈田敬二/,https://www.douban.com/location/drama/10944648/
天使的微笑・恶魔的泪/レッド99ホット99ラブ,8.3,14,小池修一郎/小池修一郎/小池修一郎/,https://www.douban.com/location/drama/25781839/
忘不了年少时的歌,9.0,83,大野拓史/大v弘政/大野拓史/大野拓史/大v弘政/大v弘政/,https://www.douban.com/location/drama/25848391/
川雾之桥,9.3,44,柴田侑宏/柴田侑宏/柴田侑宏/,https://www.douban.com/location/drama/25777390/
爱尔兰的残照,8.9,292,谷正/,https://www.douban.com/location/drama/24815352/
花扇抄/门的另一边/百万个梦,9.5,142,酒井澄夫/木村信司/三木章雄/酒井澄夫/木村信司/三木章雄/酒井澄夫/木村信司/三木章雄/酒井澄夫/木村信司/三木章雄/酒井澄夫/木村信司/三木章雄/,https://www.douban.com/location/drama/25774703/
凯旋门,9.0,111,x珠/x珠/x珠/x珠/x珠/,https://www.douban.com/location/drama/25668238/
心中・恋之大和路,9.4,59,谷正/菅沼/谷正/菅沼/菅沼/谷正/菅沼/菅沼/菅沼/,https://www.douban.com/location/drama/25842409/
PUCK,9.2,77,小池修一郎/,https://www.douban.com/location/drama/25837024/
镜中消失的男人,8.4,55,谷正纯/谷正纯/谷正纯/,https://www.douban.com/location/drama/25781874/
恰似那眼中的狂澜,8.5,53,中村 /,https://www.douban.com/location/drama/25746944/
银酱之恋,8.7,63,石田昌也/石田昌也/石田昌也/石田昌也/,https://www.douban.com/location/drama/25792166/
再会,8.0,37,石田昌也/石田昌也/石田昌也/石田昌也/石田昌也/,https://www.douban.com/location/drama/25780544/
CAN-CAN／王的不夜城,8.1,22,谷正/草野旦/藤井大介/谷正/草野旦/藤井大介/,https://www.douban.com/location/drama/26672893/
花之业平,8.3,14,尾上菊之丞/藤井大介/尾上菊之丞/藤井大介/尾上菊之丞/,https://www.douban.com/location/drama/25902568/
春樱赋/Let's Jazz-,,,谷正/大野拓史/谷正/大野拓史/,https://www.douban.com/location/drama/25781963/
EL DORADO,7.2,15,谷正/植田景子/谷正/谷正/植田景子/植田景子/,https://www.douban.com/location/drama/26674983/
叫做巴克斯的男人,,,谷正/中村一/川上正和/谷正/中村一/川上正和/,https://www.douban.com/location/drama/25784338/
野望的轨迹,,,柴田侑宏/藤井大介/柴田侑宏/藤井大介/柴田侑宏/,https://www.douban.com/location/drama/26702051/
爱的奏鸣曲,,,木村信司/木圭/木村信司/木村信司/木圭/,https://www.douban.com/location/drama/26672895/
情浸琥珀色的雨中,8.3,52,正V晴彦/荻田浩一/正V晴彦/正V晴彦/荻田浩一/正V晴彦/正V晴彦/正V晴彦/,https://www.douban.com/location/drama/25892639/
铃兰,7.6,30,佼x 依子/,https://www.douban.com/location/drama/26975981/
\之群像,7.5,19,石田昌也/藤井大介/石田昌也/藤井大介/石田昌也/,https://www.douban.com/location/drama/26384170/
燃风 －军师・竹中半兵卫－,7.3,12,木圭/,https://www.douban.com/location/drama/27122254/
鼠[颍ūV）,,,小柳奈[子/小柳奈[子/小柳奈[子/,https://www.douban.com/location/drama/30451650/
光照之路,8.7,98,生田 大和/,https://www.douban.com/location/drama/27200143/
如黑豹般,7.7,21,x 珠/x 珠/x 珠/,https://www.douban.com/location/drama/26389088/
壬生义士传,8.5,19,石田 昌也/中村 一/,https://www.douban.com/location/drama/33435000/
二十世纪快车 - 宝V版,,,原田 /,https://www.douban.com/location/drama/33159537/
美国往事,,,小池 修一郎/,https://www.douban.com/location/drama/34939615/
剧院魅影,9.0,246,中村一/中村 一/中村一/中村一/中村一/中村 一/,https://www.douban.com/location/drama/21348990/
ANOTHER WORLD,7.2,30,谷正/谷正/谷正/,https://www.douban.com/location/drama/30246706/
FANTASTIC “N”,,,三木章雄/,https://www.douban.com/location/drama/30308593/
冰冻的明天,9.2,57,荻田浩一/荻田浩一/荻田浩一/荻田浩一/荻田浩一/,https://www.douban.com/location/drama/24879286/
俄罗斯蓝猫-制裁魔女的铁锤-,8.0,26,大野拓史/大野拓史/大野拓史/,https://www.douban.com/location/drama/25846082/
春雷,7.7,10,原田/,https://www.douban.com/location/drama/25931905/
义经妖狐梦幻樱,7.7,10,谷 F矢/,https://www.douban.com/location/drama/30400427/
SPEAKEASY,,,谷正/荻田浩一/谷正/荻田浩一/,https://www.douban.com/location/drama/33427062/
布拉格之春,6.7,15,谷正/川上正和/谷正/川上正和/,https://www.douban.com/location/drama/26699665/
1914／爱,7.8,16,谷正/谷正/谷正/,https://www.douban.com/location/drama/25915598/
献给王家的歌,8.6,157,木村 信司/S藤吉正/木村信司/未知/木村 信司/S藤吉正/木村信司/木村信司/未知/未知/,https://www.douban.com/location/drama/25758576/
晴朗的日子里你能看见永远,8.3,11,村上信夫/村上信夫/村上信夫/村上信夫/,https://www.douban.com/location/drama/25754576/
真夜中的鬼,6.3,15,中村 /植田景子/中村 /植田景子/,https://www.douban.com/location/drama/25772235/
布宜诺斯艾利斯的风,8.9,10,正V晴彦/正V晴彦/正V晴彦/正V晴彦/正V晴彦/正V晴彦/,https://www.douban.com/location/drama/26370910/
严流,,,S藤吉正/,https://www.douban.com/location/drama/25943129/
血与砂,,,柴田侑宏（O修）　/S藤吉正/柴田侑宏（O修）/柴田侑宏（O修）　/S藤吉正/柴田侑宏（O修）/S藤吉正/,https://www.douban.com/location/drama/26657619/
泡沫之恋,8.5,208,柴田侑宏/柴田侑宏/柴田侑宏/柴田侑宏/柴田侑宏/柴田侑宏/,https://www.douban.com/location/drama/24722201/
当漫长的春天过去,8.6,108,石田昌也/石田昌也/石田昌也/,https://www.douban.com/location/drama/25776293/
大海贼,7.8,11,柴田侑宏（监修）/中村/柴田侑宏（监修）/中村/柴田侑宏（监修）/中村/柴田侑宏（监修）/中村/中村/,https://www.douban.com/location/drama/26352408/
玻璃L景,8.5,12,x珠/木圭/x珠/木圭/,https://www.douban.com/location/drama/26699664/
无事生非,,,藤井大介/,https://www.douban.com/location/drama/26233723/
Goodbye Peppermint Night！,,,中村/中村/中村/,https://www.douban.com/location/drama/34776767/
FAKE LOVE,8.3,67,正V晴彦/,https://www.douban.com/location/drama/25906148/
I水 笑,,,谷正/谷正/谷正/,https://www.douban.com/location/drama/26616045/
阿尔及尔的男人,7.0,18,大野拓史/柴田侑宏/大野拓史/大野拓史/柴田侑宏/柴田侑宏/大野拓史/,https://www.douban.com/location/drama/25930492/
辛夷花_之春,,,大v弘政/大v弘政/大v弘政/,https://www.douban.com/location/drama/34438749/
爱与革命的华章,7.2,45,植田景子/植田景子/植田景子/,https://www.douban.com/location/drama/25894494/
MY HERO,,,S藤吉正/S藤吉正/S藤吉正/,https://www.douban.com/location/drama/30170316/
落阳的巴勒莫,8.0,48,植田景子/R~太地/植田景子/R~太地/,https://www.douban.com/location/drama/25817467/
马拉喀什-红之墓标,8.2,27,荻田浩一/荻田浩一/荻田浩一/,https://www.douban.com/location/drama/25815746/
希望-有朝一日-,8.8,30,正V晴彦/R~太地/正V晴彦/R~太地/,https://www.douban.com/location/drama/25817637/
NAKED CITY,,,小柳奈[子/小柳奈[子/小柳奈[子/,https://www.douban.com/location/drama/25836126/
灾巴底,,,正V晴彦/正V晴彦/正V晴彦/,https://www.douban.com/location/drama/34438750/
千太郎消防旗r雨,,,柴田侑宏/柴田侑宏/柴田侑宏/,https://www.douban.com/location/drama/33450429/
Blue Jasmine,,,阿古健/谷正/日比野桃子/未明/阿古健/谷正/日比野桃子/未明/未明/,https://www.douban.com/location/drama/32578442/
天国与地狱 -雅克・奥芬巴赫-,,,植田/石田昌也/植田/植田/石田昌也/,https://www.douban.com/location/drama/25826276/
爱至云涯,,,植田/植田/植田/,https://www.douban.com/location/drama/25810360/
大江山花传,8.4,27,中村/柴田侑宏/中村/柴田侑宏/,https://www.douban.com/location/drama/25869771/
玉露记,,,柴田侑宏/柴田侑宏/柴田侑宏/,https://www.douban.com/location/drama/26321484/
鄣娜f花筒,,,植田/植田/植田/,https://www.douban.com/location/drama/34456250/
梨花 王城w舞,,,阿古健/阿古健/阿古健/,https://www.douban.com/location/drama/34456248/
凡尔赛玫瑰-安德烈与奥斯卡篇-,,,植田/,https://www.douban.com/location/drama/30376058/
DEAN,,,田敬二/中村/田敬二/田敬二/田敬二/中村/,https://www.douban.com/location/drama/34848925/
恋、十手、千上洌鼠小僧,,,大v弘政/,https://www.douban.com/location/drama/34846542/
罗曼诺夫的宝石,,,正V晴彦/正V晴彦/正V晴彦/,https://www.douban.com/location/drama/34451153/
舞曲,,,阿古健/阿古健/阿古健/,https://www.douban.com/location/drama/34459558/
银河英雄传说 外传 尚书篇,,,河中志摩夫/,https://www.douban.com/location/drama/11604250/
电影之歌,8.1,18,田沁鑫/,https://www.douban.com/location/drama/19935813/
《信》中文版,6.4,1240,佟欣雨/,https://www.douban.com/location/drama/30425996/
摩登米莉,,,Steven Geary/黄戈/,https://www.douban.com/location/drama/30167224/
红男绿女,7.9,73,George S. Kaufman/Philip Mathias/Gus Schirmer/Billy Wilson/Jerry Zaks/George S. Kaufman/Philip Mathias/Gus Schirmer/Billy Wilson/Jerry Zaks/Des McAnuff/Richard Jay-Alexander/Gordon Greenberg/王洛勇/熊梦楚/黄维/,https://www.douban.com/location/drama/10944519/
